2026-10-06T15:21:02.755831+00:00,⚖ Ator Declaration_Casatia Lege.подписан.pdf,70af3e91697021b6af409e5a6d1a9b7f5fe4651b28d6eec71ca77b58c86d22d2,JUDICIAL,9
2026-10-06T15:24:04.520424+00:00,⚖ Ator Declaration_Casatia Lege.подписан.pdf,70af3e91697021b6af409e5a6d1a9b7f5fe4651b28d6eec71ca77b58c86d22d2,JUDICIAL,9
2026-10-06T15:43:48.233884+00:00,⚖ Ator Declaration_Casatia Lege.подписан.pdf,70af3e91697021b6af409e5a6d1a9b7f5fe4651b28d6eec71ca77b58c86d22d2,JUDICIAL,9
2026-10-06T15:48:02.813062+00:00,⚖ Ator Declaration_Casatia Lege.подписан.pdf,70af3e91697021b6af409e5a6d1a9b7f5fe4651b28d6eec71ca77b58c86d22d2,JUDICIAL,9
2026-10-06T15:51:32.404556+00:00,⚖ Ator Declaration_Casatia Lege.подписан.pdf,70af3e91697021b6af409e5a6d1a9b7f5fe4651b28d6eec71ca77b58c86d22d2,JUDICIAL,9
2026-10-06T16:04:22.583681+00:00,⚖ Ator Declaration_Casatia Lege.подписан.pdf,70af3e91697021b6af409e5a6d1a9b7f5fe4651b28d6eec71ca77b58c86d22d2,JUDICIAL,9
2026-10-06T16:17:33.619961+00:00,⚖ Ator Declaration_Casatia Lege.подписан.pdf,70af3e91697021b6af409e5a6d1a9b7f5fe4651b28d6eec71ca77b58c86d22d2,JUDICIAL,9
2026-10-06T16:24:03.183200+00:00,⚖ Ator Declaration_Casatia Lege.подписан.pdf,70af3e91697021b6af409e5a6d1a9b7f5fe4651b28d6eec71ca77b58c86d22d2,JUDICIAL,9
2026-10-06T16:30:13.603260+00:00,⚖ Ator Declaration_Casatia Lege.подписан.pdf,70af3e91697021b6af409e5a6d1a9b7f5fe4651b28d6eec71ca77b58c86d22d2,JUDICIAL,9
2026-10-06T16:37:57.948298+00:00,⚖ Ator Declaration_Casatia Lege.подписан.pdf,70af3e91697021b6af409e5a6d1a9b7f5fe4651b28d6eec71ca77b58c86d22d2,JUDICIAL,9
2026-10-07T07:40:10.630518+00:00,⚖ Ator Declaration_Casatia Lege.подписан.pdf,70af3e91697021b6af409e5a6d1a9b7f5fe4651b28d6eec71ca77b58c86d22d2,JUDICIAL,9
